<?xml version="1.0" encoding="UTF-8"?>
<beans:beans xmlns="http://www.springframework.org/schema/mvc"
	xmlns:mvc="http://www.springframework.org/schema/mvc"
	xmlns:xsi="http://www.w3.org/2001/XMLSchema-instance"
	xmlns:beans="http://www.springframework.org/schema/beans"
	xmlns:context="http://www.springframework.org/schema/context"
	xsi:schemaLocation="http://www.springframework.org/schema/mvc http://www.springframework.org/schema/mvc/spring-mvc.xsd
		http://www.springframework.org/schema/beans http://www.springframework.org/schema/beans/spring-beans.xsd
		http://www.springframework.org/schema/context http://www.springframework.org/schema/context/spring-context.xsd">

	<!-- DispatcherServlet Context: defines this servlet's request-processing infrastructure -->
	
	<!-- Enables the Spring MVC @Controller programming model -->
	<annotation-driven />
	<context:annotation-config/>
	<!-- Handles HTTP GET requests for /resources/** by efficiently serving up static resources in the ${webappRoot}/resources directory -->
	<resources mapping="/resources/**" location="/resources/" />

	<!-- Admin Panel Integration -->
	<mvc:resources mapping="/resources/**" location="/resources/" />
	
	<!-- Resolves views selected for rendering by @Controllers to .jsp resources in the /WEB-INF/views directory -->
	<beans:bean class="org.springframework.web.servlet.view.InternalResourceViewResolver">
		<beans:property name="prefix" value="/WEB-INF/views/" />
		<beans:property name="suffix" value=".jsp" />
	</beans:bean>
	
	<context:component-scan base-package="com.main.sts" />
	
	 <!-- Factory bean that creates the Mongo instance -->
    <beans:bean id="mongo" class="org.springframework.data.mongodb.core.MongoFactoryBean">
        <beans:property name="host" value="localhost" />
    </beans:bean>
     
    <!-- MongoTemplate for connecting and quering the documents in the database -->
    <beans:bean id="mongoTemplate" class="org.springframework.data.mongodb.core.MongoTemplate" scope="singleton">
        <beans:constructor-arg name="mongo" ref="mongo" />
        <beans:constructor-arg name="databaseName" value="STS" />
    </beans:bean>
	
</beans:beans>
