<beans xmlns="http://www.springframework.org/schema/beans"
    xmlns:mvc="http://www.springframework.org/schema/mvc"
	xmlns:context="http://www.springframework.org/schema/context"
	xmlns:mongo="http://www.springframework.org/schema/data/mongo"
	xmlns:xsi="http://www.w3.org/2001/XMLSchema-instance"
	xsi:schemaLocation="
		http://www.springframework.org/schema/data/mongo
		http://www.springframework.org/schema/data/mongo/spring-mongo-1.0.xsd
        http://www.springframework.org/schema/beans     
        http://www.springframework.org/schema/beans/spring-beans-3.0.xsd
        http://www.springframework.org/schema/mvc 
        http://www.springframework.org/schema/mvc/spring-mvc-3.0.xsd
        http://www.springframework.org/schema/context 
        http://www.springframework.org/schema/context/spring-context-3.0.xsd">
        
    
	<context:component-scan base-package="com" />
	<context:annotation-config/>
	<context:component-scan base-package="com.pretech" />
	<mvc:annotation-driven />
	<mvc:resources mapping="/resources/**" location="/resources/" />
	<mvc:default-servlet-handler />
	
	<bean 	class="org.springframework.web.servlet.view.InternalResourceViewResolver">
		<property name="prefix">
			<value>/WEB-INF/pages/</value>
		</property>
		<property name="suffix">
			<value>.jsp</value>
		</property>
	</bean>
	 <!-- Factory bean that creates the Mongo instance -->
    <bean id="mongo" class="org.springframework.data.mongodb.core.MongoFactoryBean">
        <property name="host" value="localhost" />
    </bean>
     
    <!-- MongoTemplate for connecting and quering the documents in the database -->
    <bean id="mongoTemplate" class="org.springframework.data.mongodb.core.MongoTemplate" scope="singleton">
        <constructor-arg name="mongo" ref="mongo" />
        <constructor-arg name="databaseName" value="STS" />
    </bean>
	<context:annotation-config />
</beans>