<beans:beans xmlns="http://www.springframework.org/schema/security"
	xmlns:beans="http://www.springframework.org/schema/beans" xmlns:xsi="http://www.w3.org/2001/XMLSchema-instance"
	xsi:schemaLocation="http://www.springframework.org/schema/beans
	http://www.springframework.org/schema/beans/spring-beans-3.0.xsd
	http://www.springframework.org/schema/security
	http://www.springframework.org/schema/security/spring-security-3.0.3.xsd">

	<http auto-config="true">
		<intercept-url pattern="/dashboard*" access="IS_AUTHENTICATED_ANONYMOUSLY" />
		<intercept-url pattern="/junior/buses/*" access="ROLE_JUNIORADMIN" />
		<intercept-url pattern="/junior/*" access="ROLE_JUNIORADMIN" />
		<intercept-url pattern="/junior/students/*" access="ROLE_JUNIORADMIN" />
		<intercept-url pattern="/senior/*" access="ROLE_SENIORADMIN" />
		
		<form-login login-page="/login" 
			
			authentication-failure-url="/loginfailed"
			authentication-success-handler-ref="myAuthenticationSuccessHandler" 
		 />
		  
		<logout logout-success-url="/logout" />
		<access-denied-handler error-page="/404"/>
		
	</http>
	
	<authentication-manager>
		
		<authentication-provider ref="customAuthenticationProvider" />
		
	</authentication-manager>
	
	    
	
</beans:beans>